                  epoch,         train/box_loss,         train/cls_loss,         train/dfl_loss,   metrics/precision(B),      metrics/recall(B),       metrics/mAP50(B),    metrics/mAP50-95(B),           val/box_loss,           val/cls_loss,           val/dfl_loss,                 lr/pg0,                 lr/pg1,                 lr/pg2
                      1,                 1.1663,                 1.1609,                 1.2563,                0.66193,                0.54387,                0.59797,                0.29666,                 1.8323,                 1.5766,                 1.5306,             0.00055552,             0.00055552,             0.00055552
                      2,                  1.197,                 1.2019,                 1.2751,                0.70974,                0.52547,                0.58608,                0.28456,                 1.8709,                 1.7058,                 1.4991,             0.00089117,             0.00089117,             0.00089117
                      3,                 1.2085,                 1.2114,                 1.2837,                0.70867,                0.51738,                0.57246,                0.29046,                 1.8614,                 1.6996,                 1.4953,              0.0010068,              0.0010068,              0.0010068
                      4,                 1.1688,                 1.1676,                 1.2645,                0.74939,                0.55994,                0.62085,                0.30019,                 1.8678,                 1.5912,                 1.4973,              0.0006768,              0.0006768,              0.0006768
                      5,                 1.1483,                 1.1092,                 1.2463,                 0.7495,                0.53627,                0.61214,                0.29332,                 1.8135,                 1.5524,                 1.4839,             0.00034674,             0.00034674,             0.00034674
